# ( Sections of this page )
# ( Accessibility Help )
https://www.facebook.com/ ( Facebook )
https://www.facebook.com/recover/initiate?lwv=110&amp;ars=royal_blue_bar ( Forgot account? )
/r.php?locale=en_US ( Sign Up )
/pages/category/all-businesses/ ( Businesses )
/pages/category/advertising-marketing/ ( Advertising/Marketing )
/pages/category/advertising-agency/ ( Advertising Agency )
/pages/category/copywriting-service/ ( Copywriting Service )
/pages/category/internet-marketing-service/ ( Internet Marketing Service )
/pages/category/market-research-consultant/ ( Market Research Consultant )
/pages/category/marketing-agency/ ( Marketing Agency )
/pages/category/media-agency/ ( Media Agency )
/pages/category/merchandising-service/ ( Merchandising Service )
/pages/category/public-relations/ ( Public Relations Agency )
/pages/category/social-media-agency/ ( Social Media Agency )
/pages/category/telemarketing-service/ ( Telemarketing Service )
/pages/category/agriculture/ ( Agriculture )
/pages/category/agricultural-cooperatives/ ( Agricultural Cooperative )
/pages/category/agricultural-service/ ( Agricultural Service )
/pages/category/farm/ ( Farm )
/pages/category/dairy-farm/ ( Dairy Farm )
/pages/category/fish-farm/ ( Fish Farm )
/pages/category/livestock-farm/ ( Livestock Farm )
/pages/category/poultry-farm/ ( Poultry Farm )
/pages/category/urban-farm/ ( Urban Farm )
/pages/category/topic-arts-entertainment/ ( Arts &amp; Entertainment )
/pages/category/adult-entertainment-club/ ( Adult Entertainment Club )
/pages/category/amusement-park-ride/ ( Amusement &amp; Theme Park )
/pages/category/water-park/ ( Water Park )
/pages/category/aquarium/ ( Aquarium )
/pages/category/arcade/ ( Arcade )
/pages/category/art-gallery/ ( Art Gallery )
/pages/category/betting-shop/ ( Betting Shop )
/pages/category/bingo-hall/ ( Bingo Hall )
/pages/category/casino/ ( Casino )
/pages/category/circus/ ( Circus )
/pages/category/night-club/ ( Dance &amp; Night Club )
/pages/category/escape-game-room/ ( Escape Game Room )
/pages/category/haunted-houses/ ( Haunted House )
/pages/category/karaoke/ ( Karaoke )
/pages/category/movie-theatre/ ( Movie Theater )
/pages/category/drivein-movie-theater/ ( Drive-In Movie Theater )
/pages/category/topic-museum/ ( Museum )
/pages/category/art-museum/ ( Art Museum )
/pages/category/asian-art-museum/ ( Asian Art Museum )
/pages/category/cartooning-museum/ ( Cartooning Museum )
/pages/category/contemporary-art-museum/ ( Contemporary Art Museum )
/pages/category/costume-museum/ ( Costume Museum )
/pages/category/decorative-arts-museum/ ( Decorative Arts Museum )
/pages/category/design-museum/ ( Design Museum )
/pages/category/modern-art-museum/ ( Modern Art Museum )
/pages/category/photography-museum/ ( Photography Museum )
/pages/category/textile-museum/ ( Textile Museum )
/pages/category/aviation-museum/ ( Aviation Museum )
/pages/category/childrens-museum/ ( Children&#039;s Museum )
/pages/category/history-museum/ ( History Museum )
/pages/category/civilization-museum/ ( Civilization Museum )
/pages/category/community-museum/ ( Community Museum )
/pages/category/science-museum/ ( Science Museum )
/pages/category/computer-museum/ ( Computer Museum )
/pages/category/observatory/ ( Observatory )
/pages/category/planetarium/ ( Planetarium )
/pages/category/sports-museum/ ( Sports Museum )
/pages/category/topic-concert-venue/ ( Performance &amp; Event Venue )
/pages/category/amphitheater/ ( Amphitheater )
/pages/category/auditorium/ ( Auditorium )
/pages/category/comedy-club/ ( Comedy Club )
/pages/category/jazz-club/ ( Jazz &amp; Blues Club )
/pages/category/live-music-venue/ ( Live Music Venue )
/pages/category/opera-house/ ( Opera House )
/pages/category/theatre/ ( Performance Art Theatre )
/pages/category/pool-billiards/ ( Pool &amp; Billiard Hall )
/pages/category/race-track/ ( Race Track )
/pages/category/salsa-club/ ( Salsa Club )
/pages/category/zoo/ ( Zoo )
/pages/category/petting-zoo/ ( Petting Zoo )
/pages/category/wildlife-sanctuary/ ( Wildlife Sanctuary )
/pages/category/topic-automotive/ ( Automotive, Aircraft &amp; Boat )
/pages/category/automotive-dealership/ ( Automotive Dealership )
/pages/category/atv-dealer/ ( ATV Dealership )
/pages/category/aircraft-dealership/ ( Aircraft Dealership )
/pages/category/automotive-wholesaler/ ( Automotive Wholesaler )
/pages/category/boat-dealer/ ( Boat Dealership )
/pages/category/car-dealership/ ( Car Dealership )
/pages/category/car-dealer-can-receive-leads/ ( Can Receive Leads )
/pages/category/commercial-vehicle-dealership/ ( Commercial Vehicle Dealership )
/pages/category/electric-vehicle-dealership/ ( Electric Vehicle Dealership )
/pages/category/performance-vehicle-dealership/ ( Performance Vehicle Dealership )
/pages/category/commercial-truck-dealer/ ( Commercial Truck Dealership )
/pages/category/golf-cart-dealer/ ( Golf Cart Dealership )
/pages/category/motorcycles/ ( Motorcycle Dealership )
/pages/category/recreational-vehicle-dealer/ ( Recreational Vehicle Dealership )
/pages/category/trailer-dearlership/ ( Trailer Dealership )
/pages/category/automotive-services/ ( Automotive Service )
/pages/category/auto-detailing-service/ ( Auto Detailing Service )
/pages/category/auto-body-shop/ ( Automotive Body Shop )
/pages/category/automotive-consultant/ ( Automotive Consultant )
/pages/category/automotive-customizing/ ( Automotive Customization Shop )
/pages/category/auto-glass/ ( Automotive Glass Service )
/pages/category/automobile-leasing/ ( Automotive Leasing Service )
/pages/category/automotive-repair/ ( Automotive Repair Shop )
/pages/category/automotive-restoration/ ( Automotive Restoration Service )
/pages/category/automotive-shipping-service/ ( Automotive Shipping Service )
/pages/category/automotive-storage/ ( Automotive Storage Facility )
/pages/category/automotive-wheel-polishing-service/ ( Automotive Wheel Polishing Service )
/pages/category/window-tinting-service/ ( Automotive Window Tinting Service )
/pages/category/boat-service/ ( Boat Service )
/pages/category/car-wash-detailing/ ( Car Wash )
/pages/category/emergency-roadside-service/ ( Emergency Roadside Service )
/pages/category/gas-station/ ( Gas Station )
/pages/category/marine-service-station/ ( Marine Service Station )
/pages/category/motorcycle-repair/ ( Motorcycle Repair Shop )
/pages/category/oil-lube-filter-service/ ( Oil Lube &amp; Filter Service )
/pages/category/rv-repair/ ( RV Repair Shop )
/pages/category/emissions-inspection/ ( Smog Emissions Check Station )
/pages/category/tire-dealer/ ( Tire Dealer &amp; Repair Shop )
/pages/category/towing-service/ ( Towing Service )
/pages/category/truck-repair-shop/ ( Truck Repair Shop )
/pages/category/wheel-rim-repair-shop/ ( Wheel &amp; Rim Repair Service )
/pages/category/automotive-store/ ( Automotive Store )
/pages/category/automotive-parts-accessories/ ( Automotive Parts Store )
/pages/category/car-stereo-store/ ( Car Stereo Store )
/pages/category/marine-equipment/ ( Marine Supply Store )
/pages/category/motorsports-store/ ( Motorsports Store )
/pages/category/aviation-repair-station/ ( Aviation Repair Station )
/pages/category/avionics-shop/ ( Avionics Shop )
/pages/category/auto-company/ ( Motor Vehicle Company )
/pages/category/automotive-manufacturing/ ( Automotive Manufacturer )
/pages/category/motorcycle-manufacturer/ ( Motorcycle Manufacturer )
/pages/category/spa-beauty-personal-care/ ( Beauty, Cosmetic &amp; Personal Care )
/pages/category/barber-shop/ ( Barber Shop )
/pages/category/beauty-salon/ ( Beauty Salon )
/pages/category/hair-salon/ ( Hair Salon )
/pages/category/nail-salon/ ( Nail Salon )
/pages/category/tanning-salon/ ( Tanning Salon )
/pages/category/tanning-salon-supplier/ ( Beauty Supplier )
/pages/category/hairpieces-extensions/ ( Hair Extensions Service )
/pages/category/hair-removal/ ( Hair Removal Service )
/pages/category/laser-hair-removal/ ( Laser Hair Removal Service )
/pages/category/sugaring-service/ ( Sugaring Service )
/pages/category/threading-service/ ( Threading Service )
/pages/category/waxing-service/ ( Waxing Service )
/pages/category/hair-replacement/ ( Hair Replacement Service )
/pages/category/image-consultant/ ( Image Consultant )
/pages/category/makeup-artist/ ( Makeup Artist )
/pages/category/skin-care-services/ ( Skin Care Service )
/pages/category/spa/ ( Spa )
/pages/category/aromatherapy/ ( Aromatherapy Service )
/pages/category/day-spa/ ( Day Spa )
/pages/category/health-spa/ ( Health Spa )
/pages/category/massage/ ( Massage Service )
/pages/category/onsen/ ( Onsen )
/pages/category/tattoo-piercing-shop/ ( Tattoo &amp; Piercing Shop )
/pages/category/commercial-industrial/ ( Commercial &amp; Industrial )
/pages/category/automation-services/ ( Automation Service )
/pages/category/commercial-industrial-equipment/ ( Commercial &amp; Industrial Equipment Supplier )
/pages/category/environmental/ ( Environmental Service )
/pages/category/environmental-consultant/ ( Environmental Consultant )
/pages/category/geologic-service/ ( Geologic Service )
/pages/category/occupational-safety/ ( Occupational Safety and Health Service )
/pages/category/recycling-facility/ ( Recycling Center )
/pages/category/forestry-logging/ ( Forestry &amp; Logging )
/pages/category/forestry-service/ ( Forestry Service )
/pages/category/logging-contractor/ ( Logging Contractor )
/pages/category/hotel-supply-service/ ( Hotel Services Company )
/pages/category/industrials-company/ ( Industrial Company )
/pages/category/inventory-control-service/ ( Inventory Control Service )
/pages/category/manufacturing/ ( Manufacturer/Supplier )
/pages/category/aircraft-manufacturer/ ( Aircraft Manufacturer )
/pages/category/clothing-supply-distribution/ ( Apparel Distributor )
/pages/category/appliance-manufacturer/ ( Appliance Manufacturer )
/pages/category/bags-luggage-company/ ( Bags &amp; Luggage Company )
/pages/category/clothing-company/ ( Clothing Company )
/pages/category/glass-manufacturer/ ( Glass Manufacturer )
/pages/category/jewelry-watches-company/ ( Jewelry &amp; Watches Company )
/pages/category/jewelry-supplier/ ( Jewelry Wholesaler )
/pages/category/machine-shop/ ( Machine Shop )
/pages/category/mattress-manufacturing/ ( Mattress Manufacturer )
/pages/category/metal-steel-company/ ( Metal &amp; Steel Company )
/pages/category/metal-fabricator/ ( Metal Fabricator )
/pages/category/metal-plating-service/ ( Metal Plating Service Company )
/pages/category/metal-supplier/ ( Metal Supplier )
/pages/category/mining-company/ ( Mining Company )
/pages/category/granite-marble-supplier/ ( Granite &amp; Marble Supplier )
/pages/category/plastic-company/ ( Plastic Company )
/pages/category/plastic-fabricator/ ( Plastic Fabricator )
/pages/category/plastic-manufacturer/ ( Plastic Manufacturer )
/pages/category/textiles/ ( Textile Company )
/pages/category/tobacco-company/ ( Tobacco Company )
/pages/category/education-company/ ( Education )
/pages/category/educational-camp/ ( Academic Camp )
/pages/category/archaeological-services/ ( Archaeological Service )
/pages/category/university/ ( College &amp; University )
/pages/category/community-college/ ( Community College )
/pages/category/educational-consultant/ ( Educational Consultant )
/pages/category/educational-research/ ( Educational Research Center )
/pages/category/school/ ( School )
/pages/category/art-school/ ( Art School )
/pages/category/day-care-preschool/ ( Day Care )
/pages/category/elementary-school/ ( Elementary School )
/pages/category/high-school/ ( High School )
/pages/category/junior-high-school/ ( Junior High School )
/pages/category/medical-school/ ( Medical School )
/pages/category/middle-school/ ( Middle School )
/pages/category/performing-arts-education/ ( Performing Arts School )
/pages/category/preschool/ ( Preschool )
/pages/category/private-school/ ( Private School )
/pages/category/public-school/ ( Public School )
/pages/category/religious-school/ ( Religious School )
/pages/category/specialty-school/ ( Specialty School )
/pages/category/aviation-school/ ( Aviation School )
/pages/category/bartending-school/ ( Bartending School )
/pages/category/computer-training/ ( Computer Training School )
/pages/category/cooking-lesson/ ( Cooking School )
/pages/category/cosmetology-school/ ( Cosmetology School )
/pages/category/dance-school/ ( Dance School )
/pages/category/driving-school/ ( Driving School )
/pages/category/first-aid-class/ ( First Aid Class )
/pages/category/flight-school/ ( Flight School )
/pages/category/language-school/ ( Language School )
/pages/category/massage-school/ ( Massage School )
/pages/category/music-lessons-instruction/ ( Music Lessons &amp; Instruction School )
/pages/category/nursing-school/ ( Nursing School )
/pages/category/painting-lessons/ ( Painting Lessons )
/pages/category/trade-school/ ( Trade School )
/pages/category/traffic-school/ ( Traffic School )
/pages/category/test-preperation-center/ ( Test Preparation Center )
/pages/category/tutoring/ ( Tutor/Teacher )
/pages/category/finance/ ( Finance )
/pages/category/bank/ ( Bank )
/pages/category/commercial-bank/ ( Commercial Bank )
/pages/category/credit-union/ ( Credit Union )
/pages/category/investment-bank/ ( Investment Bank )
/pages/category/retail-bank/ ( Retail Bank )
/pages/category/financial-services/ ( Financial Service )
/pages/category/accountant/ ( Accountant )
/pages/category/bank-equipment-service/ ( Bank Equipment &amp; Service )
/pages/category/cash-advance-service/ ( Cash Advance Service )
/pages/category/collection-agency/ ( Collection Agency )
/pages/category/credit-counseling/ ( Credit Counseling Service )
/pages/category/currency-exchange/ ( Currency Exchange )
/pages/category/financial-aid/ ( Financial Aid Service )
/pages/category/financial-consultant/ ( Financial Consultant )
/pages/category/financial-planning/ ( Financial Planner )
/pages/category/brokers-franchising/ ( Franchise Broker )
/pages/category/loans/ ( Loan Service )
/pages/category/tax-preparation/ ( Tax Preparation Service )
/pages/category/insurance-company/ ( Insurance Company )
/pages/category/insurance-agent/ ( Insurance Agent )
/pages/category/insurance-broker/ ( Insurance Broker )
/pages/category/investing-service/ ( Investing Service )
/pages/category/brokerage/ ( Brokerage Firm )
/pages/category/investment-management-company/ ( Investment Management Company )
/pages/category/hedge-fund/ ( Hedge Fund )
/pages/category/food-beverage/ ( Food &amp; Beverage )
/pages/category/bagel-shop/ ( Bagel Shop )
/pages/category/bakery/ ( Bakery )
/pages/category/wholesale-bakery/ ( Wholesale Bakery )
/pages/category/topic-bar/ ( Bar )
/pages/category/beer-bar/ ( Beer Bar )
/pages/category/beer-garden/ ( Beer Garden )
/pages/category/champagne-bar/ ( Champagne Bar )
/pages/category/cocktail-bar/ ( Cocktail Bar )
/pages/category/dive-bar/ ( Dive Bar )
/pages/category/gay-bar/ ( Gay Bar )
/pages/category/hookah-lounge/ ( Hookah Lounge )
/pages/category/hotel-bar/ ( Hotel Bar )
/pages/category/irish-pub/ ( Irish Pub )
/pages/category/lounge/ ( Lounge )
/pages/category/pub/ ( Pub )
/pages/category/sake-bar/ ( Sake Bar )
/pages/category/speakeasy/ ( Speakeasy )
/pages/category/sports-bar/ ( Sports Bar )
/pages/category/tiki-bar/ ( Tiki Bar )
/pages/category/whisky-bar/ ( Whisky Bar )
/pages/category/wine-bar/ ( Wine Bar )
/pages/category/bottled-water-company/ ( Bottled Water Company )
/pages/category/brewery/ ( Brewery )
/pages/category/bubble-tea-shop/ ( Bubble Tea Shop )
/pages/category/butcher/ ( Butcher Shop )
/pages/category/cafe/ ( Cafe )
/pages/category/coffee-shop/ ( Coffee Shop )
/pages/category/pet-cafe/ ( Pet Cafe )
/pages/category/tea-room/ ( Tea Room )
/pages/category/cafeteria/ ( Cafeteria )
/pages/category/caterer/ ( Caterer )
/pages/category/cheese-shop/ ( Cheese Shop )
/pages/category/convenience-store/ ( Convenience Store )
/pages/category/deli/ ( Deli )
/pages/category/dessert-restaurant/ ( Dessert Shop )
/pages/category/candy-store/ ( Candy Store )
/pages/category/chocolate-shop/ ( Chocolate Shop )
/pages/category/cupcake-shop/ ( Cupcake Shop )
/pages/category/frozen-yogurt-shop/ ( Frozen Yogurt Shop )
/pages/category/gelato-shop/ ( Gelato Shop )
/pages/category/ice-cream-parlor/ ( Ice Cream Shop )
/pages/category/shaved-ice-shop/ ( Shaved Ice Shop )
/pages/category/distillery/ ( Distillery )
/pages/category/donuts-shop/ ( Donut Shop )
/pages/category/farmers-market/ ( Farmers Market )
/pages/category/food-consultant/ ( Food Consultant )
/pages/category/food-delivery-service/ ( Food Delivery Service )
/pages/category/food-stand/ ( Food Stand )
/pages/category/food-truck/ ( Food Truck )
/pages/category/food-wholesaler/ ( Food Wholesaler )
/pages/category/meat-wholesaler/ ( Meat Wholesaler )
/pages/category/restaurant-wholesale/ ( Restaurant Wholesaler )
/pages/category/food-beverage-service-distribution/ ( Foodservice Distributor )
/pages/category/topic-food-grocery/ ( Grocery Store )
/pages/category/ethnic-grocery-store/ ( Ethnic Grocery Store )
/pages/category/fish-market/ ( Fish Market )
/pages/category/fruit-vegetable-store/ ( Fruit &amp; Vegetable Store )
/pages/category/health-food-store/ ( Health Food Store )
/pages/category/organic-grocery-store/ ( Organic Grocery Store )
/pages/category/specialty-grocery-store/ ( Specialty Grocery Store )
/pages/category/supermarket/ ( Supermarket )
/pages/category/wholesale-grocer/ ( Wholesale Grocer )
/pages/category/personal-chef/ ( Personal Chef )
/pages/category/restaurant/ ( Restaurant )
/pages/category/afghani-restaurant/ ( Afghan Restaurant )
/pages/category/african-restaurant/ ( African Restaurant )
/pages/category/ethiopian-restaurant/ ( Ethiopian Restaurant )
/pages/category/nigerian-restaurant/ ( Nigerian Restaurant )
/pages/category/senegalese-restaurant/ ( Senegalese Restaurant )
/pages/category/south-african-restaurant/ ( South African Restaurant )
/pages/category/american-restaurant/ ( American Restaurant )
/pages/category/arabian-restaurant/ ( Arabian Restaurant )
/pages/category/asian-restaurant/ ( Asian Restaurant )
/pages/category/asian-fusion-restaurant/ ( Asian Fusion Restaurant )
/pages/category/burmese-restaurant/ ( Burmese Restaurant )
/pages/category/cambodian-restaurant/ ( Cambodian Restaurant )
/pages/category/chinese-restaurant/ ( Chinese Restaurant )
/pages/category/anhui-restaurant/ ( Anhui Restaurant )
/pages/category/beijing-restaurant/ ( Beijing Restaurant )
/pages/category/cantonese-restaurant/ ( Cantonese Restaurant )
/pages/category/dim-sum-restaurant/ ( Dim Sum Restaurant )
/pages/category/dongbei-restaurant/ ( Dongbei Restaurant )
/pages/category/fujian-restaurant/ ( Fujian Restaurant )
/pages/category/guizhou-restaurant/ ( Guizhou Restaurant )
/pages/category/hainan-restaurant/ ( Hainan Restaurant )
/pages/category/henan-restaurant/ ( Henan Restaurant )
/pages/category/hong-kong-restaurant/ ( Hong Kong Restaurant )
/pages/category/hot-pot-restaurant/ ( Hot Pot Restaurant )
/pages/category/huaiyang-restaurant/ ( Huaiyang Restaurant )
/pages/category/hubei-restaurant/ ( Hubei Restaurant )
/pages/category/hunan-restaurant/ ( Hunan Restaurant )
/pages/category/imperial-restaurant/ ( Imperial Restaurant )
/pages/category/jiangsu-restaurant/ ( Jiangsu Restaurant )
/pages/category/jiangxi-restaurant/ ( Jiangxi Restaurant )
/pages/category/macanese-restaurant/ ( Macanese Restaurant )
/pages/category/manchu-restaurant/ ( Manchu Restaurant )
/pages/category/shaanxi-restaurant/ ( Shaanxi Restaurant )
/pages/category/shandong-restaurant/ ( Shandong Restaurant )
/pages/category/shanghainese-restaurant/ ( Shanghainese Restaurant )
/pages/category/shanxi-restaurant/ ( Shanxi Restaurant )
/pages/category/szechuan-sichuan-restaurant/ ( Szechuan/Sichuan Restaurant )
/pages/category/tianjin-restaurant/ ( Tianjin Restaurant )
/pages/category/xinjiang-restaurant/ ( Xinjiang Restaurant )
/pages/category/yunnan-restaurant/ ( Yunnan Restaurant )
/pages/category/zhejiang-restaurant/ ( Zhejiang Restaurant )
/pages/category/filipino-restaurant/ ( Filipino Restaurant )
/pages/category/indo-chinese-restaurant/ ( Indo Chinese Restaurant )
/pages/category/indonesian-restaurant/ ( Indonesian Restaurant )
/pages/category/acehnese-restaurant/ ( Acehnese Restaurant )
/pages/category/balinese-restaurant/ ( Balinese Restaurant )
/pages/category/betawinese-restaurant/ ( Betawinese Restaurant )
/pages/category/javanese-restaurant/ ( Javanese Restaurant )
/pages/category/manadonese-restaurant/ ( Manadonese Restaurant )
/pages/category/padangnese-restaurant/ ( Padangnese Restaurant )
/pages/category/sundanese-restaurant/ ( Sundanese Restaurant )
/pages/category/japanese-restaurant/ ( Japanese Restaurant )
/pages/category/donburi-restaurant/ ( Donburi Restaurant )
/pages/category/kaiseki-restaurant/ ( Kaiseki Restaurant )
/pages/category/kushikatsu-restaurant/ ( Kushikatsu Restaurant )
/pages/category/monjayaki-restaurant/ ( Monjayaki Restaurant )
/pages/category/nabe-restaurant/ ( Nabe Restaurant )
/pages/category/okonomiyaki-restaurant/ ( Okonomiyaki Restaurant )
/pages/category/ramen-restaurant/ ( Ramen Restaurant )
/pages/category/shabu-shabu-restaurant/ ( Shabu Shabu Restaurant )
/pages/category/soba-restaurant/ ( Soba Restaurant )
/pages/category/sukiyaki-restaurant/ ( Sukiyaki Restaurant )
/pages/category/sushi-restaurant/ ( Sushi Restaurant )
/pages/category/takoyaki-restaurant/ ( Takoyaki Restaurant )
/pages/category/tempura-restaurant/ ( Tempura Restaurant )
/pages/category/teppanyaki-restaurant/ ( Teppanyaki Restaurant )
/pages/category/tonkatsu-restaurant/ ( Tonkatsu Restaurant )
/pages/category/udon-restaurant/ ( Udon Restaurant )
/pages/category/unagi-restaurant/ ( Unagi Restaurant )
/pages/category/wagashi-restaurant/ ( Wagashi Restaurant )
/pages/category/yakiniku-restaurant/ ( Yakiniku Restaurant )
/pages/category/yakitori-restaurant/ ( Yakitori Restaurant )
/pages/category/yoshoku-restaurant/ ( Yoshoku Restaurant )
/pages/category/korean-restaurant/ ( Korean Restaurant )
/pages/category/bossam-jokbal-restaurant/ ( Bossam/Jokbal Restaurant )
/pages/category/bunsik-restaurant/ ( Bunsik Restaurant )
/pages/category/gukbap-restaurant/ ( Gukbap Restaurant )
/pages/category/janguh-restaurant/ ( Janguh Restaurant )
/pages/category/samgyetang-restaurant/ ( Samgyetang Restaurant )
/pages/category/malaysian-restaurant/ ( Malaysian Restaurant )
/pages/category/mongolian-restaurant/ ( Mongolian Restaurant )
/pages/category/noodle-house/ ( Noodle House )
/pages/category/singaporean-restaurant/ ( Singaporean Restaurant )
/pages/category/taiwanese-restaurant/ ( Taiwanese Restaurant )
/pages/category/thai-restaurant/ ( Thai Restaurant )
/pages/category/vietnamese-restaurant/ ( Vietnamese Restaurant )
/pages/category/pho-restaurant/ ( Pho Restaurant )
/pages/category/australian-restaurant/ ( Australian Restaurant )
/pages/category/austrian-restaurant/ ( Austrian Restaurant )
/pages/category/bar-grill/ ( Bar &amp; Grill )
/pages/category/barbecue-restaurant/ ( Barbecue Restaurant )
/pages/category/basque-restaurant/ ( Basque Restaurant )
/pages/category/belgian-restaurant/ ( Belgian Restaurant )
/pages/category/breakfast-brunch-restaurant/ ( Breakfast &amp; Brunch Restaurant )
/pages/category/british-restaurant/ ( British Restaurant )
/pages/category/buffet-restaurant/ ( Buffet Restaurant )
/pages/category/burger-restaurant/ ( Burger Restaurant )
/pages/category/cajun-creole-restaurant/ ( Cajun &amp; Creole Restaurant )
/pages/category/canadian-restaurant/ ( Canadian Restaurant )
/pages/category/caribbean-restaurant/ ( Caribbean Restaurant )
/pages/category/dominican-restaurant/ ( Dominican Restaurant )
/pages/category/haitian-restaurant/ ( Haitian Restaurant )
/pages/category/jamaican-restaurant/ ( Jamaican Restaurant )
/pages/category/trinidadian-restaurant/ ( Trinidadian Restaurant )
/pages/category/catalan-restaurant/ ( Catalan Restaurant )
/pages/category/chicken-restaurant/ ( Chicken Joint )
/pages/category/comfort-food-restaurant/ ( Comfort Food Restaurant )
/pages/category/continental-restaurant/ ( Continental Restaurant )
/pages/category/crperie/ ( Crêperie )
/pages/category/czech-restaurant/ ( Czech Restaurant )
/pages/category/diner/ ( Diner )
/pages/category/drive-in-restaurant/ ( Drive In Restaurant )
/pages/category/eastern-european-restaurant/ ( Eastern European Restaurant )
/pages/category/belarusian-restaurant/ ( Belarusian Restaurant )
/pages/category/bulgarian-restaurant/ ( Bulgarian Restaurant )
/pages/category/romanian-restaurant/ ( Romanian Restaurant )
/pages/category/tatar-restaurant/ ( Tatar Restaurant )
/pages/category/egyptian-restaurant/ ( Egyptian Restaurant )
/pages/category/european-restaurant/ ( European Restaurant )
/pages/category/family-style-restaurant/ ( Family Style Restaurant )
/pages/category/fast-food-restaurant/ ( Fast Food Restaurant )
/pages/category/fish-chips-shop/ ( Fish &amp; Chips Restaurant )
/pages/category/fondue-restaurant/ ( Fondue Restaurant )
/pages/category/french-restaurant/ ( French Restaurant )
/pages/category/gastropub/ ( Gastropub )
/pages/category/german-restaurant/ ( German Restaurant )
/pages/category/baden-restaurant/ ( Baden Restaurant )
/pages/category/bavarian-restaurant/ ( Bavarian Restaurant )
/pages/category/hessian-restaurant/ ( Hessian Restaurant )
/pages/category/palatine-restaurant/ ( Palatine Restaurant )
/pages/category/saxon-restaurant/ ( Saxon Restaurant )
/pages/category/swabian-restaurant/ ( Swabian Restaurant )
/pages/category/glutenfree-restaurant/ ( Gluten-Free Restaurant )
/pages/category/halal-restaurant/ ( Halal Restaurant )
/pages/category/hawaiian-restaurant/ ( Hawaiian Restaurant )
/pages/category/poke-restaurant/ ( Poke Restaurant )
/pages/category/health-food-restaurant/ ( Health Food Restaurant )
/pages/category/himalayan-restaurant/ ( Himalayan Restaurant )
/pages/category/hot-dog-joint/ ( Hot Dog Joint )
/pages/category/hungarian-restaurant/ ( Hungarian Restaurant )
/pages/category/iberian-restaurant/ ( Iberian Restaurant )
/pages/category/indian-restaurant/ ( Indian Restaurant )
/pages/category/andhra-restaurant/ ( Andhra Restaurant )
/pages/category/awadhi-restaurant/ ( Awadhi Restaurant )
/pages/category/bengali-bangladeshi-restaurant/ ( Bengali/Bangladeshi Restaurant )
/pages/category/chaat-place/ ( Chaat Place )
/pages/category/chettinad-restaurant/ ( Chettinad Restaurant )
/pages/category/dhaba-restaurant/ ( Dhaba Restaurant )
/pages/category/dosa-restaurant/ ( Dosa Restaurant )
/pages/category/goan-restaurant/ ( Goan Restaurant )
/pages/category/gujarati-restaurant/ ( Gujarati Restaurant )
/pages/category/hyderabadi-restaurant/ ( Hyderabadi Restaurant )
/pages/category/indian-chinese-restaurant/ ( Indian Chinese Restaurant )
/pages/category/irani-restaurant/ ( Irani Restaurant )
/pages/category/jain-restaurant/ ( Jain Restaurant )
/pages/category/karnataka-restaurant/ ( Karnataka Restaurant )
/pages/category/kashmiri-restaurant/ ( Kashmiri Restaurant )
/pages/category/kerala-restaurant/ ( Kerala Restaurant )
/pages/category/maharashtrian-restaurant/ ( Maharashtrian Restaurant )
/pages/category/mughalai-restaurant/ ( Mughalai Restaurant )
/pages/category/north-indian-restaurant/ ( North Indian Restaurant )
/pages/category/parsi-restaurant/ ( Parsi Restaurant )
/pages/category/punjabi-restaurant/ ( Punjabi Restaurant )
/pages/category/rajasthani-restaurant/ ( Rajasthani Restaurant )
/pages/category/south-indian-restaurant/ ( South Indian Restaurant )
/pages/category/tamilian-restaurant/ ( Tamilian Restaurant )
/pages/category/udupi-restaurant/ ( Udupi Restaurant )
/pages/category/uttar-pradesh-restaurant/ ( Uttar Pradesh Restaurant )
/pages/category/irish-restaurant/ ( Irish Restaurant )
/pages/category/italian-restaurant/ ( Italian Restaurant )
/pages/category/abruzzo-restaurant/ ( Abruzzo Restaurant )
/pages/category/aosta-restaurant/ ( Aosta Restaurant )
/pages/category/basilicata-restaurant/ ( Basilicata Restaurant )
/pages/category/calabrian-restaurant/ ( Calabrian Restaurant )
/pages/category/emilia-romagna-restaurant/ ( Emilia Romagna Restaurant )
/pages/category/friuli-venezia-giulia-restaurant/ ( Friuli Venezia Giulia Restaurant )
/pages/category/ligurian-restaurant/ ( Ligurian Restaurant )
/pages/category/lombard-restaurant/ ( Lombard Restaurant )
/pages/category/marche-restaurant/ ( Marche Restaurant )
/pages/category/molise-restaurant/ ( Molise Restaurant )
/pages/category/neapolitan-restaurant/ ( Neapolitan Restaurant )
/pages/category/piedmont-restaurant/ ( Piedmont Restaurant )
/pages/category/puglia-restaurant/ ( Puglia Restaurant )
/pages/category/roman-restaurant/ ( Roman Restaurant )
/pages/category/sardinian-restaurant/ ( Sardinian Restaurant )
/pages/category/sicilian-restaurant/ ( Sicilian Restaurant )
/pages/category/south-tyrolean-restaurant/ ( South Tyrolean Restaurant )
/pages/category/trentino-alto-adige-restaurant/ ( Trentino Alto Adige Restaurant )
/pages/category/tuscan-restaurant/ ( Tuscan Restaurant )
/pages/category/umbrian-restaurant/ ( Umbrian Restaurant )
/pages/category/venetian-restaurant/ ( Venetian Restaurant )
/pages/category/kosher-restaurant/ ( Kosher Restaurant )
/pages/category/latin-american-restaurant/ ( Latin American Restaurant )
/pages/category/argentine-restaurant/ ( Argentinian Restaurant )
/pages/category/belizean-restaurant/ ( Belizean Restaurant )
/pages/category/bolivian-restaurant/ ( Bolivian Restaurant )
/pages/category/brazilian-restaurant/ ( Brazilian Restaurant )
/pages/category/chilean-restaurant/ ( Chilean Restaurant )
/pages/category/colombian-restaurant/ ( Colombian Restaurant )
/pages/category/costa-rican-restaurant/ ( Costa Rican Restaurant )
/pages/category/cuban-restaurant/ ( Cuban Restaurant )
/pages/category/ecuadorian-restaurant/ ( Ecuadorian Restaurant )
/pages/category/guatamalan-restaurant/ ( Guatemalan Restaurant )
/pages/category/honduran-restaurant/ ( Honduran Restaurant )
/pages/category/mexican-restaurant/ ( Mexican Restaurant )
/pages/category/texmex-restaurant/ ( Tex-Mex Restaurant )
/pages/category/nicaraguan-restaurant/ ( Nicaraguan Restaurant )
/pages/category/panamanian-restaurant/ ( Panamanian Restaurant )
/pages/category/paraguayan-restaurant/ ( Paraguayan Restaurant )
/pages/category/peruvian-restaurant/ ( Peruvian Restaurant )
/pages/category/puerto-rican-restaurant/ ( Puerto Rican Restaurant )
/pages/category/salvadoran-restaurant/ ( Salvadoran Restaurant )
/pages/category/uruguayan-restaurant/ ( Uruguayan Restaurant )
/pages/category/venezuelan-restaurant/ ( Venezuelan Restaurant )
/pages/category/live-raw-food-restaurant/ ( Live &amp; Raw Food Restaurant )
/pages/category/mediterranean-restaurant/ ( Mediterranean Restaurant )
/pages/category/greek-restaurant/ ( Greek Restaurant )
/pages/category/middle-eastern-restaurant/ ( Middle Eastern Restaurant )
/pages/category/armenian-restaurant/ ( Armenian Restaurant )
/pages/category/azerbaijani-restaurant/ ( Azerbaijani Restaurant )
/pages/category/georgian-restaurant/ ( Georgian Restaurant )
/pages/category/israeli-restaurant/ ( Israeli Restaurant )
/pages/category/kurdish-restaurant/ ( Kurdish Restaurant )
/pages/category/lebanese-restaurant/ ( Lebanese Restaurant )
/pages/category/persian-restaurant/ ( Persian/Iranian Restaurant )
/pages/category/syrian-restaurant/ ( Syrian Restaurant )
/pages/category/turkish-restaurant/ ( Turkish Restaurant )
/pages/category/kebab-shop/ ( Kebab Shop )
/pages/category/modern-european-restaurant/ ( Modern European Restaurant )
/pages/category/molecular-gastronomy-restaurant/ ( Molecular Gastronomy Restaurant )
/pages/category/moroccan-restaurant/ ( Moroccan Restaurant )
/pages/category/nepalese-restaurant/ ( Nepalese Restaurant )
/pages/category/new-american-restaurant/ ( New American Restaurant )
/pages/category/pakistani-restaurant/ ( Pakistani Restaurant )
/pages/category/pizza-place/ ( Pizza Place )
/pages/category/polish-restaurant/ ( Polish Restaurant )
/pages/category/polynesian-restaurant/ ( Polynesian Restaurant )
/pages/category/portuguese-restaurant/ ( Portuguese Restaurant )
/pages/category/russian-restaurant/ ( Russian Restaurant )
/pages/category/salad-bar/ ( Salad Bar )
/pages/category/scandinavian-restaurant/ ( Scandinavian Restaurant )
/pages/category/scottish-restaurant/ ( Scottish Restaurant )
/pages/category/seafood-restaurant/ ( Seafood Restaurant )
/pages/category/slovakian-restaurant/ ( Slovakian Restaurant )
/pages/category/soul-food-restaurant/ ( Soul Food Restaurant )
/pages/category/soup-restaurant/ ( Soup Restaurant )
/pages/category/southern-restaurant/ ( Southern Restaurant )
/pages/category/southwestern-restaurant/ ( Southwestern Restaurant )
/pages/category/spanish-restaurant/ ( Spanish Restaurant )
/pages/category/sri-lankan-restaurant/ ( Sri Lankan Restaurant )
/pages/category/steakhouse/ ( Steakhouse )
/pages/category/swiss-restaurant/ ( Swiss Restaurant )
/pages/category/taco-restaurant/ ( Taco Restaurant )
/pages/category/tapas-bar-restaurant/ ( Tapas Bar &amp; Restaurant )
/pages/category/theme-restaurant/ ( Theme Restaurant )
/pages/category/ukrainian-restaurant/ ( Ukrainian Restaurant )
/pages/category/uzbek-restaurant/ ( Uzbek Restaurant )
/pages/category/vegetarian-vegan-restaurant/ ( Vegetarian/Vegan Restaurant )
/pages/category/sandwich-shop/ ( Sandwich Shop )
/pages/category/smoothie-juice-bar/ ( Smoothie &amp; Juice Bar )
/pages/category/liquor-store/ ( Wine, Beer &amp; Spirits Store )
/pages/category/homebrew-supply-store/ ( Homebrew Supply Store )
/pages/category/winery-vineyard/ ( Winery/Vineyard )
/pages/category/hotel-lodging/ ( Hotel &amp; Lodging )
/pages/category/bed-and-breakfast/ ( Bed and Breakfast )
/pages/category/cabin/ ( Cabin )
/pages/category/campground/ ( Campground )
/pages/category/cottage/ ( Cottage )
/pages/category/hostel/ ( Hostel )
/pages/category/topic-hotel/ ( Hotel )
/pages/category/beach-resort/ ( Beach Resort )
/pages/category/resort/ ( Hotel Resort )
/pages/category/inn/ ( Inn )
/pages/category/lodge/ ( Lodge )
/pages/category/motel/ ( Motel )
/pages/category/rv-park/ ( RV Park )
/pages/category/service-apartments/ ( Service Apartments )
/pages/category/vacation-home-rental/ ( Vacation Home Rental )
/pages/category/legal/ ( Legal )
/pages/category/law-firm/ ( Lawyer &amp; Law Firm )
/pages/category/bankruptcy-lawyer/ ( Bankruptcy Lawyer )
/pages/category/contract-lawyer/ ( Contract Lawyer )
/pages/category/corporate-lawyer/ ( Corporate Lawyer )
/pages/category/criminal-lawyer/ ( Criminal Lawyer )
/pages/category/dui-lawyer/ ( DUI Lawyer )
/pages/category/divorce-family-lawyer/ ( Divorce &amp; Family Lawyer )
/pages/category/entertainment-lawyer/ ( Entertainment Lawyer )
/pages/category/wills-estate-lawyer/ ( Estate Planning Lawyer )
/pages/category/general-litigation/ ( General Litigation )
/pages/category/immigration-lawyer/ ( Immigration Lawyer )
/pages/category/patent-trademark-copyright-law/ ( Intellectual Property Lawyer )
/pages/category/internet-lawyer/ ( Internet Lawyer )
/pages/category/juvenile-law/ ( Juvenile Lawyer )
/pages/category/labor-employment-law/ ( Labor &amp; Employment Lawyer )
/pages/category/landlord-tenant-lawyer/ ( Landlord &amp; Tenant Lawyer )
/pages/category/malpractice-law/ ( Malpractice Lawyer )
/pages/category/medical-lawyer/ ( Medical Lawyer )
/pages/category/military-lawyer/ ( Military Lawyer )
/pages/category/personal-injury-lawyer/ ( Personal Injury Lawyer )
/pages/category/property-law/ ( Property Lawyer )
/pages/category/real-estate-lawyer/ ( Real Estate Lawyer )
/pages/category/tax-lawyer/ ( Tax Lawyer )
/pages/category/legal-services/ ( Legal Service )
/pages/category/bail-bonds/ ( Bail Bondsmen )
/pages/category/lobbyist/ ( Lobbyist )
/pages/category/notary-public/ ( Notary Public )
/pages/category/private-investigator/ ( Private Investigator )
/pages/category/process-service/ ( Process Service )
/pages/category/local-services/ ( Local Service )
/pages/category/adoption-service/ ( Adoption Service )
/pages/category/astrologist/ ( Astrologist )
/pages/category/psychic/ ( Astrologist &amp; Psychic )
/pages/category/bicycle-repair-service/ ( Bicycle Repair Service )
/pages/category/bottled-water-supplier/ ( Bottled Water Supplier )
/pages/category/topic-business-services/ ( Business Service )
/pages/category/business-consultant/ ( Business Consultant )
/pages/category/business-supply-service/ ( Business Supply Service )
/pages/category/cargo-freight/ ( Cargo &amp; Freight Company )
/pages/category/consulting-company/ ( Consulting Agency )
/pages/category/employment-agency/ ( Employment Agency )
/pages/category/recruiter/ ( Recruiter )
/pages/category/franchising-service/ ( Franchising Service )
/pages/category/graphic-design/ ( Graphic Designer )
/pages/category/hospitality-service/ ( Hospitality Service )
/pages/category/janitorial-service/ ( Janitorial Service )
/pages/category/management-service/ ( Management Service )
/pages/category/personal-assistant/ ( Personal Assistant )
/pages/category/personal-coaching/ ( Personal Coach )
/pages/category/secretarial-service/ ( Secretarial Service )
/pages/category/patrol-security/ ( Security Guard Service )
/pages/category/shipping-supply-service/ ( Shipping Supply &amp; Service )
/pages/category/shredding-service/ ( Shredding Service )
/pages/category/translator/ ( Translator )
/pages/category/uniform-supplier/ ( Uniform Supplier )
/pages/category/vending-machine-service/ ( Vending Machine Sales &amp; Service )
/pages/category/web-design/ ( Web Designer )
/pages/category/career-counselor/ ( Career Counselor )
/pages/category/computer-services/ ( Computer Repair Service )
/pages/category/dating-service/ ( Dating Service )
/pages/category/design/ ( Design &amp; Fashion )
/pages/category/modeling-agency/ ( Modeling Agency )
/pages/category/dry-cleaner/ ( Dry Cleaner )
/pages/category/topic-event-planning/ ( Event Planner )
/pages/category/bartending-service/ ( Bartending Service )
/pages/category/wedding-planning/ ( Wedding Planning Service )
/pages/category/event-space/ ( Event Space )
/pages/category/ballroom/ ( Ballroom )
/pages/category/business-center/ ( Business Center )
/pages/category/convention-center/ ( Convention Center )
/pages/category/wedding-venue/ ( Wedding Venue )
/pages/category/florist/ ( Florist )
/pages/category/funeral-service/ ( Funeral Service &amp; Cemetery )
/pages/category/genealogist/ ( Genealogist )
/pages/category/glass-blower/ ( Glass Blower )
/pages/category/topic-home-improvement/ ( Home Improvement )
/pages/category/appliance-repair-service/ ( Appliance Repair Service )
/pages/category/heating-ventilating-air-conditioning/ ( Heating, Ventilating &amp; Air Conditioning Service )
/pages/category/refrigeration-sales-service/ ( Refrigeration Service )
/pages/category/television-repair-service/ ( Television Repair Service )
/pages/category/water-heater-installation-repair-service/ ( Water Heater Installation &amp; Repair Service )
/pages/category/architectural-designer/ ( Architectural Designer )
/pages/category/carpenter/ ( Carpenter )
/pages/category/carpet-cleaner/ ( Carpet Cleaner )
/pages/category/chimney-sweeper/ ( Chimney Sweeper )
/pages/category/concrete-contractor/ ( Concrete Contractor )
/pages/category/construction-company/ ( Construction Company )
/pages/category/contractor/ ( Contractor )
/pages/category/damage-restoration-service/ ( Damage Restoration Service )
/pages/category/deck-patio/ ( Deck &amp; Patio Builder )
/pages/category/excavation-wrecking/ ( Demolition &amp; Excavation Company )
/pages/category/electrician/ ( Electrician )
/pages/category/elevator-services/ ( Elevator Service )
/pages/category/fence-gate-contractor/ ( Fence &amp; Gate Contractor )
/pages/category/fire-protection/ ( Fire Protection Service )
/pages/category/furniture-repair/ ( Furniture Repair &amp; Upholstery Service )
/pages/category/garage-door-services/ ( Garage Door Service )
/pages/category/gardener/ ( Gardener )
/pages/category/glass-service/ ( Glass Service )
/pages/category/gutter-cleaning-service/ ( Gutter Cleaning Service )
/pages/category/handyman/ ( Handyman )
/pages/category/home-security/ ( Home Security Company )
/pages/category/home-window-service/ ( Home Window Service )
/pages/category/house-painter/ ( House Painting )
/pages/category/interior-designer/ ( Interior Design Studio )
/pages/category/kitchen-bath-contractor/ ( Kitchen &amp; Bath Contractor )
/pages/category/landscaping/ ( Landscape Company )
/pages/category/lumber-yard/ ( Lumber Yard )
/pages/category/masonry/ ( Masonry Contractor )
/pages/category/paving-asphalt-service/ ( Paving &amp; Asphalt Service )
/pages/category/pest-control/ ( Pest Control Service )
/pages/category/plumber/ ( Plumbing Service )
/pages/category/portable-building-service/ ( Portable Building Service )
/pages/category/portable-toilet-rentals/ ( Portable Toilet Rentals )
/pages/category/powder-coating-service/ ( Powder Coating Service )
/pages/category/roofer/ ( Roofing Service )
/pages/category/sandblasting-service/ ( Sandblasting Service )
/pages/category/septic-tank-service/ ( Septic Tank Service )
/pages/category/sewer-service/ ( Sewer Service )
/pages/category/solar-energy-service/ ( Solar Energy Service )
/pages/category/swimming-pool-maintenance/ ( Swimming Pool &amp; Hot Tub Service )
/pages/category/swimming-pool-cleaner/ ( Swimming Pool Cleaner )
/pages/category/tiling-service/ ( Tiling Service )
/pages/category/tree-cutting-service/ ( Tree Cutting Service )
/pages/category/vinyl-siding-company/ ( Vinyl Siding Company )
/pages/category/water-treatment-plant/ ( Water Treatment Service )
/pages/category/well-water-drilling-service/ ( Well Water Drilling Service )
/pages/category/window-service-repair/ ( Window Installation Service )
/pages/category/home-services/ ( In-Home Service )
/pages/category/babysitter/ ( Babysitter )
/pages/category/child-care/ ( Child Care Service )
/pages/category/cleaning-service/ ( Cleaning Service )
/pages/category/house-sitter/ ( House Sitter )
/pages/category/maid-butler/ ( Maid &amp; Butler )
/pages/category/nanny/ ( Nanny )
/pages/category/internet-cafe/ ( Internet Cafe )
/pages/category/junkyard/ ( Junkyard )
/pages/category/laundromat/ ( Laundromat )
/pages/category/locksmith/ ( Locksmith )
/pages/category/storage-service/ ( Moving &amp; Storage Service )
/pages/category/mover/ ( Home Mover )
/pages/category/selfstorage-facility/ ( Self-Storage Facility )
/pages/category/storage/ ( Storage Facility )
/pages/category/parking/ ( Parking Garage / Lot )
/pages/category/party-entertainment-service/ ( Party &amp; Entertainment Service )
/pages/category/party-center/ ( Party Entertainment Service )
/pages/category/adult-entertainment/ ( Adult Entertainment Service )
/pages/category/dj/ ( DJ )
/pages/category/kids-entertainment-service/ ( Kids Entertainment Service )
/pages/category/magician/ ( Magician )
/pages/category/pet-service/ ( Pet Service )
/pages/category/animal-rescue-service/ ( Animal Rescue Service )
/pages/category/animal-shelter/ ( Animal Shelter )
/pages/category/dog-day-care-center/ ( Dog Day Care Center )
/pages/category/dog-training/ ( Dog Trainer )
/pages/category/dog-walker/ ( Dog Walker )
/pages/category/horse-trainer/ ( Horse Trainer )
/pages/category/kennel/ ( Kennel )
/pages/category/livery-stable/ ( Livery Stable )
/pages/category/pet-adoption-service/ ( Pet Adoption Service )
/pages/category/pet-breeder/ ( Pet Breeder )
/pages/category/dog-breeder/ ( Dog Breeder )
/pages/category/pet-groomer/ ( Pet Groomer )
/pages/category/pet-sitter/ ( Pet Sitter )
/pages/category/taxidermist/ ( Taxidermist )
/pages/category/veterinarian/ ( Veterinarian )
/pages/category/photographic-services-equipment/ ( Photography Videography )
/pages/category/amateur-photographer/ ( Amateur Photographer )
/pages/category/camera-store/ ( Camera Store )
/pages/category/event-photographer/ ( Event Photographer )
/pages/category/videographer/ ( Event Videographer )
/pages/category/photo-booth-service/ ( Photo Booth Service )
/pages/category/topic-photographer/ ( Photographer )
/pages/category/printing-service/ ( Printing Service )
/pages/category/screen-printing-embroidery/ ( Screen Printing &amp; Embroidery )
/pages/category/signs-banner-service/ ( Signs &amp; Banner Service )
/pages/category/sewing-seamstress/ ( Sewing &amp; Alterations )
/pages/category/shoe-repair-shop/ ( Shoe Repair Shop )
/pages/category/weight-loss-center/ ( Weight Loss Center )
/pages/category/writing-service/ ( Writing Service )
/pages/category/media-news-company/ ( Media/News Company )
/pages/category/animation-studio/ ( Animation Studio )
/pages/category/book-magazine-distribution/ ( Book &amp; Magazine Distributor )
/pages/category/broadcasting-media-production/ ( Broadcasting &amp; Media Production Company )
/pages/category/game-publisher/ ( Game Publisher )
/pages/category/movie-television-studio/ ( Movie/Television Studio )
/pages/category/music-production/ ( Music Production Studio )
/pages/category/topic-publisher/ ( Publisher )
/pages/category/radio-station/ ( Radio Station )
/pages/category/social-media-company/ ( Social Media Company )
/pages/category/medical-health/ ( Medical &amp; Health )
/pages/category/dentist/ ( Dentist &amp; Dental Office )
/pages/category/cosmetic-dentist/ ( Cosmetic Dentist )
/pages/category/endodontist/ ( Endodontist )
/pages/category/general-dentist/ ( General Dentist )
/pages/category/oral-surgeon/ ( Oral Surgeon )
/pages/category/orthodontist/ ( Orthodontist )
/pages/category/pediatric-dentist/ ( Pediatric Dentist )
/pages/category/periodontist/ ( Periodontist )
/pages/category/prosthodontists/ ( Prosthodontist )
/pages/category/teeth-whitening/ ( Teeth Whitening Service )
/pages/category/topic-doctor/ ( Doctor )
/pages/category/allergist/ ( Allergist )
/pages/category/anesthesiologists/ ( Anesthesiologist )
/pages/category/audiologist/ ( Audiologist )
/pages/category/cardiologists/ ( Cardiologist )
/pages/category/dermatologist/ ( Dermatologist )
/pages/category/endocrinologists/ ( Endocrinologist )
/pages/category/family-doctor/ ( Family Doctor )
/pages/category/fertility-doctor/ ( Fertility Doctor )
/pages/category/gastroenterologist/ ( Gastroenterologist )
/pages/category/gerontologists/ ( Gerontologist )
/pages/category/internal-medicine/ ( Internist (Internal Medicine) )
/pages/category/lasik-laser-eye-surgeon/ ( Lasik/Laser Eye Surgeon )
/pages/category/nephrologists/ ( Nephrologist )
/pages/category/neurologist/ ( Neurologist )
/pages/category/neurosurgery/ ( Neurosurgeon )
/pages/category/obgyn/ ( Obstetrician-Gynecologist (OBGYN) )
/pages/category/oncologist/ ( Oncologist )
/pages/category/ophthalmologist/ ( Ophthalmologist )
/pages/category/optometrist/ ( Optometrist )
/pages/category/orthopedists/ ( Orthopedist )
/pages/category/osteopathic-physicians/ ( Osteopathic Doctor )
/pages/category/otolaryngologist/ ( Otolaryngologist (ENT) )
/pages/category/pediatrics/ ( Pediatrician )
/pages/category/plastic-surgery/ ( Plastic Surgeon )
/pages/category/podiatrist/ ( Podiatrist )
/pages/category/proctologists/ ( Proctologist )
/pages/category/psychiatrist/ ( Psychiatrist )
/pages/category/psychologist/ ( Psychologist )
/pages/category/pulmonologist/ ( Pulmonologist )
/pages/category/radiologists/ ( Radiologist )
/pages/category/rheumatologists/ ( Rheumatologist )
/pages/category/surgeon/ ( Surgeon )
/pages/category/urologists/ ( Urologist )
/pages/category/medical-center/ ( Medical Center )
/pages/category/aids-resources/ ( AIDS Resource Center )
/pages/category/blood-bank/ ( Blood Bank )
/pages/category/crisis-prevention-center/ ( Crisis Prevention Center )
/pages/category/diagnostic-center/ ( Diagnostic Center )
/pages/category/dialysis-clinic/ ( Dialysis Clinic )
/pages/category/emergency-room/ ( Emergency Room )
/pages/category/family-medicine-practice/ ( Family Medicine Practice )
/pages/category/halfway-house/ ( Halfway House )
/pages/category/hospice/ ( Hospice )
/pages/category/hospital/ ( Hospital )
/pages/category/maternity-clinic/ ( Maternity Clinic )
/pages/category/medical-lab/ ( Medical Lab )
/pages/category/nursing-home/ ( Nursing Home )
/pages/category/pregnancy-childbirth-service/ ( Pregnancy Care Center )
/pages/category/retirement-assisted-living-facility/ ( Retirement &amp; Assisted Living Facility )
/pages/category/std-testing-center/ ( STD Testing Center )
/pages/category/surgical-center/ ( Surgical Center )
/pages/category/womens-health-clinic/ ( Women&#039;s Health Clinic )
/pages/category/medical-device-company/ ( Medical Device Company )
/pages/category/medical-equipment-manufacturer/ ( Medical Equipment Manufacturer )
/pages/category/medical-equipment-supplier/ ( Medical Equipment Supplier )
/pages/category/medical-research/ ( Medical Research Center )
/pages/category/medical-service/ ( Medical Service )
/pages/category/abortion-services/ ( Abortion Service )
/pages/category/addiction-service/ ( Addiction Service )
/pages/category/addiction-resources/ ( Addiction Resources Center )
/pages/category/addiction-treatment-center/ ( Addiction Treatment Center )
/pages/category/alcohol-addiction-treatment-center/ ( Alcohol Addiction Treatment Center )
/pages/category/drug-addiction-treatment-center/ ( Drug Addiction Treatment Center )
/pages/category/tobacco-cessation-treatment-center/ ( Tobacco Cessation Treatment Center )
/pages/category/alternative-holistic-health/ ( Alternative &amp; Holistic Health Service )
/pages/category/acupuncture/ ( Acupuncturist )
/pages/category/chiropractor/ ( Chiropractor )
/pages/category/massage-therapist/ ( Massage Therapist )
/pages/category/cannabis-clinic/ ( Medical Cannabis Dispensary )
/pages/category/medical-spa/ ( Medical Spa )
/pages/category/meditation-center/ ( Meditation Center )
/pages/category/naturopath/ ( Naturopath )
/pages/category/nutritionist/ ( Nutritionist )
/pages/category/reflexologist/ ( Reflexologist )
/pages/category/disability-services/ ( Disability Service )
/pages/category/ambulance-rescue/ ( Emergency Rescue Service )
/pages/category/healthcare-administrator/ ( Healthcare Administrator )
/pages/category/home-health-care-service/ ( Home Health Care Service )
/pages/category/counseling-mental-health/ ( Mental Health Service )
/pages/category/nursing-agency/ ( Nursing Agency )
/pages/category/orthotics-prosthetics-service/ ( Orthotics &amp; Prosthetics Service )
/pages/category/reproductive-services/ ( Reproductive Service )
/pages/category/safety-first-aid-service/ ( Safety &amp; First Aid Service )
/pages/category/optician/ ( Optician )
/pages/category/pharmaceutical-company/ ( Pharmaceutical Company )
/pages/category/pharmacy/ ( Pharmacy / Drugstore )
/pages/category/medical-supplies/ ( Medical Supply Store )
/pages/category/vitamin-supplement-shop/ ( Vitamin Supplement Shop )
/pages/category/therapist/ ( Therapist )
/pages/category/counselor/ ( Counselor )
/pages/category/family-therapist/ ( Family Therapist )
/pages/category/marriage-therapist/ ( Marriage Therapist )
/pages/category/occupational-therapist/ ( Occupational Therapist )
/pages/category/physical-therapist/ ( Physical Therapist )
/pages/category/psychotherapist/ ( Psychotherapist )
/pages/category/sex-therapist/ ( Sex Therapist )
/pages/category/speech-pathologist/ ( Speech Pathologist )
/pages/category/speech-therapist/ ( Speech Therapist )
/pages/category/sport-psychologlist/ ( Sport Psychologist )
/pages/category/ngo/ ( Non-Governmental Organization (NGO) )
/pages/category/non-profit/ ( Nonprofit Organization )
/pages/category/public-services-government/ ( Public &amp; Government Service )
/pages/category/automotive-registration-center/ ( Automotive Registration Center )
/pages/category/child-protective-services/ ( Child Protective Service )
/pages/category/community-center/ ( Community Center )
/pages/category/senior-center/ ( Senior Center )
/pages/category/cultural-center/ ( Cultural Center )
/pages/category/dmv/ ( DMV )
/pages/category/defense-company/ ( Defense Company )
/pages/category/food-bank/ ( Food Bank )
/pages/category/housing-homeless-shelter/ ( Housing &amp; Homeless Shelter )
/pages/category/law-enforcement/ ( Law Enforcement Agency )
/pages/category/topic-library/ ( Library )
/pages/category/passport-visa-service/ ( Passport &amp; Visa Service )
/pages/category/public-services/ ( Public Service )
/pages/category/public-utility/ ( Public Utility Company )
/pages/category/electric-utility-provider/ ( Electric Utility Provider )
/pages/category/energy-company/ ( Energy Company )
/pages/category/internet-service-provider/ ( Internet Service Provider )
/pages/category/television-service-provider/ ( Television Service Provider )
/pages/category/water-utility-company/ ( Water Utility Company )
/pages/category/social-services/ ( Social Service )
/pages/category/waste-management/ ( Waste Management Company )
/pages/category/topic-real-estate/ ( Real Estate )
/pages/category/commercial-real-estate/ ( Commercial Real Estate Agency )
/pages/category/escrow-services/ ( Escrow Service )
/pages/category/home-inspection/ ( Home Inspector )
/pages/category/home-staging-service/ ( Home Staging Service )
/pages/category/housing-assistance-service/ ( Housing Assistance Service )
/pages/category/mobile-homes/ ( Mobile Home Dealer )
/pages/category/mobile-home-park/ ( Mobile Home Park )
/pages/category/mortgage-brokers/ ( Mortgage Brokers )
/pages/category/property-management/ ( Property Management Company )
/pages/category/real-estate-agent/ ( Real Estate Agent )
/pages/category/real-estate-appraiser/ ( Real Estate Appraiser )
/pages/category/real-estate-company/ ( Real Estate Company )
/pages/category/real-estate-developer/ ( Real Estate Developer )
/pages/category/real-estate-investment/ ( Real Estate Investment Firm )
/pages/category/real-estate-service/ ( Real Estate Service )
/pages/category/real-estate-title-development/ ( Real Estate Title &amp; Development )
/pages/category/science-engineering/ ( Science, Technology &amp; Engineering )
/pages/category/aerospace-company/ ( Aerospace Company )
/pages/category/biotechnology/ ( Biotechnology Company )
/pages/category/chemicals-gasses/ ( Chemical Company )
/pages/category/gas-chemical-service/ ( Gas &amp; Chemical Service )
/pages/category/petroleum-services/ ( Petroleum Service )
/pages/category/engineering-service/ ( Engineering Service )
/pages/category/information-technology-company/ ( Information Technology Company )
/pages/category/computer-company/ ( Computer Company )
/pages/category/electronics-company/ ( Electronics Company )
/pages/category/internet-company/ ( Internet Company )
/pages/category/software-company/ ( Software Company )
/pages/category/telecom/ ( Telecommunication Company )
/pages/category/cable-satellite-service/ ( Cable &amp; Satellite Company )
/pages/category/robotics/ ( Robotics Company )
/pages/category/solar-energy-company/ ( Solar Energy Company )
/pages/category/structural-engineer/ ( Structural Engineer )
/pages/category/surveyor/ ( Surveyor )
/pages/category/topic-shopping-retail/ ( Shopping &amp; Retail )
/pages/category/antique-store/ ( Antique Store )
/pages/category/apparel/ ( Apparel &amp; Clothing )
/pages/category/accessories-store/ ( Accessories )
/pages/category/bags-luggage-store/ ( Bags &amp; Luggage Store )
/pages/category/hat-store/ ( Hat Store )
/pages/category/jewelry-store/ ( Jewelry &amp; Watches Store )
/pages/category/sunglasses-eyewear-store/ ( Sunglasses &amp; Eyewear Store )
/pages/category/clothing-store/ ( Clothing Store )
/pages/category/childrens-clothing-store/ ( Baby &amp; Children&#039;s Clothing Store )
/pages/category/bridal-shop/ ( Bridal Shop )
/pages/category/costume-shop/ ( Costume Shop )
/pages/category/shoe-store/ ( Footwear Store )
/pages/category/lingerie-underwear-store/ ( Lingerie &amp; Underwear Store )
/pages/category/maternity-nursing-clothing-store/ ( Maternity &amp; Nursing Clothing Store )
/pages/category/mens-clothing-store/ ( Men&#039;s Clothing Store )
/pages/category/sportswear-store/ ( Sportswear Store )
/pages/category/swimwear-store/ ( Swimwear Store )
/pages/category/womens-clothing-store/ ( Women&#039;s Clothing Store )
/pages/category/arts-crafts-supply-store/ ( Arts &amp; Crafts Store )
/pages/category/auction-house/ ( Auction House )
/pages/category/beauty-store/ ( Beauty Store )
/pages/category/hair-beauty-supply/ ( Beauty Supply Store )
/pages/category/cosmetics-beauty-supply/ ( Cosmetics Store )
/pages/category/wig-store/ ( Wig Store )
/pages/category/big-box-retailer/ ( Big Box Retailer )
/pages/category/topic-book-store/ ( Bookstore )
/pages/category/college-university-bookstore/ ( College / University Bookstore )
/pages/category/comic-book-store/ ( Comic Bookstore )
/pages/category/independent-bookstore/ ( Independent Bookstore )
/pages/category/religious-book-store/ ( Religious Bookstore )
/pages/category/boutique-store/ ( Boutique Store )
/pages/category/collectibles-store/ ( Collectibles Store )
/pages/category/cultural-gifts-store/ ( Cultural Gifts Store )
/pages/category/department-store/ ( Department Store )
/pages/category/discount-store/ ( Discount Store )
/pages/category/dutyfree-shop/ ( Duty-Free Shop )
/pages/category/ecigarette-store/ ( E-Cigarette Store )
/pages/category/educational-supplies/ ( Educational Supply Store )
/pages/category/electronics-store/ ( Electronics Store )
/pages/category/audiovisual-equipment/ ( Audio Visual Equipment Store )
/pages/category/computer-store/ ( Computer Store )
/pages/category/fabric-store/ ( Fabric Store )
/pages/category/fireworks-retailer/ ( Fireworks Retailer )
/pages/category/flea-market/ ( Flea Market )
/pages/category/gift-shop/ ( Gift Shop )
/pages/category/glass-mirror-shop/ ( Glass &amp; Mirror Shop )
/pages/category/gun-store/ ( Gun Store )
/pages/category/hobby-store/ ( Hobby Store )
/pages/category/home-garden-store/ ( Home &amp; Garden Store )
/pages/category/appliance-store/ ( Appliance Store )
/pages/category/awnings-canopies/ ( Awning Supplier )
/pages/category/blinds-curtains/ ( Blinds &amp; Curtains Store )
/pages/category/building-material-store/ ( Building Material Store )
/pages/category/cabinets-countertops/ ( Cabinet &amp; Countertop Store )
/pages/category/carpet-flooring-store/ ( Carpet &amp; Flooring Store )
/pages/category/fireplaces/ ( Fireplace Store )
/pages/category/furniture-store/ ( Furniture Store )
/pages/category/garden-center/ ( Garden Center )
/pages/category/hardware-store/ ( Hardware Store )
/pages/category/housewares/ ( Home Goods Store )
/pages/category/home-theater-store/ ( Home Theater Store )
/pages/category/lighting-fixtures/ ( Lighting Store )
/pages/category/mattresses-bedding/ ( Mattress Store )
/pages/category/nurseries-gardening-store/ ( Nurseries &amp; Gardening Store )
/pages/category/lottery-retailer/ ( Lottery Retailer )
/pages/category/mattress-wholesale/ ( Mattress Wholesaler )
/pages/category/mobile-phone-shop/ ( Mobile Phone Shop )
/pages/category/dvd-video-store/ ( Movie &amp; Music Store )
/pages/category/packaging-supplies-equipment/ ( Moving Supply Store )
/pages/category/musical-instrument-store/ ( Musical Instrument Store )
/pages/category/newsagent-newsstand/ ( Newsstand )
/pages/category/night-market/ ( Night Market )
/pages/category/office-equipment-store/ ( Office Equipment Store )
/pages/category/sports-outdoors/ ( Outdoor &amp; Sporting Goods Company )
/pages/category/outlet-store/ ( Outlet Store )
/pages/category/party-supplies/ ( Party Supply &amp; Rental Shop )
/pages/category/carnival-supplies/ ( Carnival Supply Store )
/pages/category/pawn-shop/ ( Pawn Shop )
/pages/category/pet-store/ ( Pet Store )
/pages/category/aquatic-pet-store/ ( Aquatic Pet Store )
/pages/category/reptile-pet-store/ ( Reptile Pet Store )
/pages/category/popup-shop/ ( Pop-Up Shop )
/pages/category/rent-to-own-store/ ( Rent to Own Store )
/pages/category/restaurant-supply/ ( Restaurant Supply Store )
/pages/category/retail-company/ ( Retail Company )
/pages/category/seasonal-store/ ( Seasonal Store )
/pages/category/shopping-mall/ ( Shopping Mall )
/pages/category/shopping-service/ ( Shopping Service )
/pages/category/souvenir-shop/ ( Souvenir Shop )
/pages/category/sporting-goods-store/ ( Sporting Goods Store )
/pages/category/archery-shop/ ( Archery Shop )
/pages/category/bike-shop/ ( Bicycle Shop )
/pages/category/fishing-store/ ( Fishing Store )
/pages/category/mountain-biking-shop/ ( Mountain Biking Shop )
/pages/category/outdoor-equipment-store/ ( Outdoor Equipment Store )
/pages/category/skate-shop/ ( Skate Shop )
/pages/category/ski-snowboard-shop/ ( Ski &amp; Snowboard Shop )
/pages/category/surf-shop/ ( Surf Shop )
/pages/category/thrift-or-consignment-store/ ( Thrift &amp; Consignment Store )
/pages/category/tobacco-store/ ( Tobacco Store )
/pages/category/toy-store/ ( Toy Store )
/pages/category/trophies-engraving/ ( Trophies &amp; Engraving Shop )
/pages/category/video-game-store/ ( Video Game Store )
/pages/category/vintage-store/ ( Vintage Store )
/pages/category/wholesale-supply-store/ ( Wholesale &amp; Supply Store )
/pages/category/topic-sports-recreation/ ( Sports &amp; Recreation )
/pages/category/sports-instruction/ ( Sports &amp; Fitness Instruction )
/pages/category/boat-sailing-instructor/ ( Boat / Sailing Instructor )
/pages/category/coach/ ( Coach )
/pages/category/personal-trainer/ ( Fitness Trainer )
/pages/category/golf-instructor/ ( Golf Instructor )
/pages/category/horse-riding-school/ ( Horse Riding School )
/pages/category/scuba-instructor/ ( Scuba Instructor )
/pages/category/ski-snowboard-school/ ( Ski &amp; Snowboard School )
/pages/category/swimming-instructor/ ( Swimming Instructor )
/pages/category/recreation-fitness-venue/ ( Sports &amp; Recreation Venue )
/pages/category/atv-recreation-park/ ( ATV Recreation Park )
/pages/category/archery/ ( Archery Range )
/pages/category/badminton-court/ ( Badminton Court )
/pages/category/baseball-field/ ( Baseball Field )
/pages/category/basketball-court/ ( Basketball Court )
/pages/category/batting-cage/ ( Batting Cage )
/pages/category/bowling-alley/ ( Bowling Alley )
/pages/category/disc-golf-course/ ( Disc Golf Course )
/pages/category/driving-range/ ( Driving Range )
/pages/category/equestrian-facility/ ( Equestrian Center )
/pages/category/fencing-club/ ( Fencing Club )
/pages/category/sports-and-recreation/ ( Fitness Venue )
/pages/category/boxing-studio/ ( Boxing Studio )
/pages/category/cycling-studio/ ( Cycling Studio )
/pages/category/dance-instruction/ ( Dance Studio )
/pages/category/fitness-boot-camp/ ( Fitness Boot Camp )
/pages/category/gym/ ( Gym/Physical Fitness Center )
/pages/category/martial-arts/ ( Martial Arts School )
/pages/category/pilates-studio/ ( Pilates Studio )
/pages/category/tai-chi-studio/ ( Tai Chi Studio )
/pages/category/yoga-pilates/ ( Yoga Studio )
/pages/category/flyboarding-company/ ( Flyboarding Center )
/pages/category/go-karting/ ( Go-Kart Track )
/pages/category/golf-course/ ( Golf Course &amp; Country Club )
/pages/category/gun-range/ ( Gun Range )
/pages/category/gymnastics-center/ ( Gymnastics Center )
/pages/category/hang-gliding-center/ ( Hang Gliding Center )
/pages/category/hockey-field-rink/ ( Hockey Field / Rink )
/pages/category/horseback-riding-service/ ( Horseback Riding Center )
/pages/category/ice-skating/ ( Ice Skating Rink )
/pages/category/kiteboarding/ ( Kiteboarding Center )
/pages/category/laser-tag/ ( Laser Tag Center )
/pages/category/miniature-golf/ ( Miniature Golf Course )
/pages/category/paddleboarding-center/ ( Paddleboarding Center )
/pages/category/paintball/ ( Paintball Center )
/pages/category/swimming-pool/ ( Public Swimming Pool )
/pages/category/racquetball-court/ ( Racquetball Court )
/pages/category/rafting-kayaking-company/ ( Rafting/Kayaking Center )
/pages/category/recreation-center/ ( Recreation Center )
/pages/category/rock-climbing/ ( Rock Climbing Gym )
/pages/category/rodeo/ ( Rodeo )
/pages/category/roller-skating-rink/ ( Roller Skating Rink )
/pages/category/rugby-pitch/ ( Rugby Pitch )
/pages/category/scuba-diving/ ( Scuba Diving Center )
/pages/category/shooting-hunting-range/ ( Shooting/Hunting Range )
/pages/category/skateboard-park/ ( Skateboard Park )
/pages/category/ski-resort/ ( Ski Resort )
/pages/category/sky-diving/ ( Skydiving Center )
/pages/category/soccer-field/ ( Soccer Field )
/pages/category/squash-court/ ( Squash Court )
/pages/category/tennis/ ( Tennis Court )
/pages/category/volleyball-court/ ( Volleyball Court )
/pages/category/sports-league/ ( Sports League )
/pages/category/amateur-sports-league/ ( Amateur Sports League )
/pages/category/esports-league/ ( Esports League )
/pages/category/professional-sports-league/ ( Professional Sports League )
/pages/category/school-sports-league/ ( School Sports League )
/pages/category/sports-team/ ( Sports Team )
/pages/category/amateur-team/ ( Amateur Sports Team )
/pages/category/esports-team/ ( Esports Team )
/pages/category/professional-sport-team/ ( Professional Sports Team )
/pages/category/school-team/ ( School Sports Team )
/pages/category/sports-venue-stadium/ ( Stadium, Arena &amp; Sports Venue )
/pages/category/baseball-stadium/ ( Baseball Stadium )
/pages/category/basketball-stadium/ ( Basketball Stadium )
/pages/category/cricket-ground/ ( Cricket Ground )
/pages/category/football-stadium/ ( Football Stadium )
/pages/category/hockey-arena/ ( Hockey Arena )
/pages/category/rugby-stadium/ ( Rugby Stadium )
/pages/category/soccer-stadium/ ( Soccer Stadium )
/pages/category/tennis-stadium/ ( Tennis Stadium )
/pages/category/track-stadium/ ( Track Stadium )
/pages/category/travel-transportation/ ( Travel &amp; Transportation )
/pages/category/airline/ ( Airline Company )
/pages/category/airline-industry-services/ ( Airline Industry Service )
/pages/category/ferry-boat-company/ ( Boat/Ferry Company )
/pages/category/bus-line/ ( Bus Line )
/pages/category/cruise/ ( Cruise Line )
/pages/category/railroad/ ( Railroad Company )
/pages/category/rental-shop/ ( Rental Shop )
/pages/category/atv-rental-shop/ ( ATV Rental )
/pages/category/bike-rental-bike-share/ ( Bike Rental )
/pages/category/boat-rental/ ( Boat Rental )
/pages/category/canoe-kayak-rental-shop/ ( Canoe &amp; Kayak Rental )
/pages/category/car-rental/ ( Car Rental )
/pages/category/exotic-car-rental/ ( Exotic Car Rental )
/pages/category/jet-ski-rental/ ( Jet Ski Rental )
/pages/category/rv-rental/ ( RV Rental )
/pages/category/scooter-rental/ ( Scooter Rental )
/pages/category/trailer-rental/ ( Trailer Rental )
/pages/category/truck-rental/ ( Truck Rental )
/pages/category/transportation-terminal/ ( Transit Hub )
/pages/category/topic-airport/ ( Airport )
/pages/category/airport-gate/ ( Airport Gate )
/pages/category/airport-lounge/ ( Airport Lounge )
/pages/category/airport-terminal/ ( Airport Terminal )
/pages/category/balloonport/ ( Balloonport )
/pages/category/bus-station/ ( Bus Station )
/pages/category/heliport/ ( Heliport )
/pages/category/seaplanebase/ ( Seaplane Base )
/pages/category/train-station/ ( Train Station )
/pages/category/light-rail-station/ ( Light Rail Station )
/pages/category/railway-station/ ( Railway Station )
/pages/category/subway-station/ ( Subway Station )
/pages/category/transit-stop/ ( Transit Stop )
/pages/category/transportation-service/ ( Transportation Service )
/pages/category/airport-shuttle/ ( Airport Shuttle Service )
/pages/category/charter-buses/ ( Charter Bus Service )
/pages/category/fishing-charter/ ( Fishing Charter )
/pages/category/limo-service/ ( Limo Service )
/pages/category/private-plane-charter/ ( Private Plane Charter )
/pages/category/rideshare-service/ ( Rideshare Service )
/pages/category/school-transportation/ ( School Transportation Service )
/pages/category/taxi/ ( Taxi Service )
/pages/category/travel-company/ ( Travel Company )
/pages/category/topic-tours-sightseeing/ ( Tour Agency )
/pages/category/architectural-tour-agency/ ( Architectural Tour Agency )
/pages/category/art-tour-agency/ ( Art Tour Agency )
/pages/category/boat-tour-agency/ ( Boat Tour Agency )
/pages/category/bus-tour-agency/ ( Bus Tour Agency )
/pages/category/eco-tours/ ( Eco Tour Agency )
/pages/category/food-tour-agency/ ( Food Tour Agency )
/pages/category/historical-tour-agency/ ( Historical Tour Agency )
/pages/category/horsedrawn-vehicles/ ( Horse-Drawn Carriage Service )
/pages/category/hot-air-balloons/ ( Hot Air Balloon Tour Agency )
/pages/category/pedicab-service/ ( Pedicab Service )
/pages/category/sightseeing-tour-agency/ ( Sightseeing Tour Agency )
/pages/category/tour-guide/ ( Tour Guide )
/pages/category/travel-agency/ ( Travel Agency )
/pages/category/cruise-agency/ ( Cruise Agency )
/pages/category/travel-services/ ( Travel Service )
/pages/category/luggage-service/ ( Luggage Service )
/pages/category/tourist-information/ ( Tourist Information Center )
/pages/category/community-organization/ ( Community Organization )
/pages/category/armed-forces/ ( Armed Forces )
/pages/category/charity-organization/ ( Charity Organization )
/pages/category/community-services/ ( Community Service )
/pages/category/clubhouse/ ( Country Club / Clubhouse )
/pages/category/environmental-conservation/ ( Environmental Conservation Organization )
/pages/category/labor-union/ ( Labor Union )
/pages/category/private-members-club/ ( Private Members Club )
/pages/category/religious-organization/ ( Religious Organization )
/pages/category/social-club/ ( Social Club )
/pages/category/sorority-fraternity/ ( Sorority &amp; Fraternity )
/pages/category/sports-club/ ( Sports Club )
/pages/category/youth-organization/ ( Youth Organization )
/pages/category/activity-general/ ( Interest )
/pages/category/literary-arts/ ( Literary Arts )
/pages/category/performance-art/ ( Performance Art )
/pages/category/performing-arts/ ( Performing Arts )
/pages/category/science/ ( Science )
/pages/category/sports/ ( Sports )
/pages/category/visual-arts/ ( Visual Arts )
/pages/category/media/ ( Media )
/pages/category/art/ ( Art )
/pages/category/books-magazines/ ( Books &amp; Magazines )
/pages/category/article/ ( Article )
/pages/category/book/ ( Book )
/pages/category/book-genre/ ( Book Genre )
/pages/category/book-series/ ( Book Series )
/pages/category/magazine/ ( Magazine )
/pages/category/topic-newspaper/ ( Newspaper )
/pages/category/concert-tour/ ( Concert Tour )
/pages/category/media-restoration-service/ ( Media Restoration Service )
/pages/category/art-restoration/ ( Art Restoration Service )
/pages/category/music-general/ ( Music )
/pages/category/album/ ( Album )
/pages/category/choir/ ( Choir )
/pages/category/music-award/ ( Music Award )
/pages/category/music-chart/ ( Music Chart )
/pages/category/music-video/ ( Music Video )
/pages/category/music-genre/ ( Musical Genre )
/pages/category/playlist/ ( Playlist )
/pages/category/podcast/ ( Podcast )
/pages/category/record-label/ ( Record Label )
/pages/category/song/ ( Song )
/pages/category/symphony/ ( Symphony )
/pages/category/media-show/ ( Show )
/pages/category/tv-movies/ ( TV &amp; Movies )
/pages/category/episode/ ( Episode )
/pages/category/movie/ ( Movie )
/pages/category/movie-character/ ( Movie Character )
/pages/category/movie-genre/ ( Movie Genre )
/pages/category/tv-one-time/ ( One-Time TV Program )
/pages/category/tv-general/ ( TV )
/pages/category/tv-channel/ ( TV Channel )
/pages/category/tv-genre/ ( TV Genre )
/pages/category/tv-network/ ( TV Network )
/pages/category/tv-series-season/ ( TV Season )
/pages/category/tv-show/ ( TV Show )
/pages/category/tv-movie-award/ ( TV/Movie Award )
/pages/category/video/ ( Video )
/pages/category/theatrical-play/ ( Theatrical Play )
/pages/category/theatrical-productions/ ( Theatrical Productions )
/pages/category/non-business-places/ ( Non-Business Places )
/pages/category/automated-teller-machine-atm/ ( Automated Teller Machine (ATM) )
/pages/category/campus-building/ ( Campus Building )
/pages/category/city-infrastructure/ ( City Infrastructure )
/pages/category/bridge/ ( Bridge )
/pages/category/canal/ ( Canal )
/pages/category/highway/ ( Highway )
/pages/category/lighthouse/ ( Lighthouse )
/pages/category/marina/ ( Marina )
/pages/category/pier/ ( Pier )
/pages/category/promenade/ ( Promenade )
/pages/category/quay/ ( Quay )
/pages/category/street/ ( Street )
/pages/category/transit-system/ ( Transit System )
/pages/category/weather-station/ ( Weather Station )
/pages/category/topic-landmark/ ( Landmark &amp; Historical Place )
/pages/category/monument/ ( Monument )
/pages/category/statue-fountain/ ( Statue &amp; Fountain )
/pages/category/locality/ ( Locality )
/pages/category/borough/ ( Borough )
/pages/category/cemetery/ ( Cemetery )
/pages/category/pet-cemetery/ ( Pet Cemetery )
/pages/category/city/ ( City )
/pages/category/city-with-id/ ( City )
/pages/category/congressional-district/ ( Congressional District )
/pages/category/continental-region/ ( Continental Region )
/pages/category/country/ ( Country/Region )
/pages/category/county/ ( County )
/pages/category/designated-market-area/ ( Designated Market Area )
/pages/category/geo-entity-with-id/ ( Geo Entity )
/pages/category/harbor/ ( Harbor )
/pages/category/large-geo-area/ ( Large Geo Area )
/pages/category/medium-geo-area/ ( Medium Geo Area )
/pages/category/metro-area/ ( Metro Area )
/pages/category/neighborhood/ ( Neighborhood )
/pages/category/port/ ( Port )
/pages/category/postal-code/ ( Postal Code )
/pages/category/province/ ( Province )
/pages/category/region/ ( Region )
/pages/category/shopping-district/ ( Shopping District )
/pages/category/small-geo-area/ ( Small Geo Area )
/pages/category/state/ ( State )
/pages/category/subcity/ ( Subcity )
/pages/category/subneighborhood/ ( Subneighborhood )
/pages/category/timezone/ ( Time zone )
/pages/category/township/ ( Township )
/pages/category/village/ ( Village )
/pages/category/meeting-room/ ( Meeting Room )
/pages/category/outdoor-places/ ( Outdoor Recreation )
/pages/category/fairground/ ( Fairground )
/pages/category/geography-general/ ( Geographical Place )
/pages/category/bay/ ( Bay )
/pages/category/beach/ ( Beach )
/pages/category/cape/ ( Cape )
/pages/category/cave/ ( Cave )
/pages/category/continent/ ( Continent )
/pages/category/desert/ ( Desert )
/pages/category/fjord-loch/ ( Fjord/Loch )
/pages/category/glacier/ ( Glacier )
/pages/category/hot-spring/ ( Hot Spring )
/pages/category/topic-island/ ( Island )
/pages/category/topic-lake/ ( Lake )
/pages/category/topic-mountain/ ( Mountain )
/pages/category/ocean/ ( Ocean )
/pages/category/pond/ ( Pond )
/pages/category/reservoir/ ( Reservoir )
/pages/category/topic-river/ ( River )
/pages/category/volcano/ ( Volcano )
/pages/category/waterfall/ ( Waterfall )
/pages/category/park/ ( Park )
/pages/category/arboretum/ ( Arboretum )
/pages/category/dog-park/ ( Dog Park )
/pages/category/field/ ( Field )
/pages/category/national-forest/ ( National Forest )
/pages/category/national-park/ ( National Park )
/pages/category/nature-preserve/ ( Nature Preserve )
/pages/category/picnic-ground/ ( Picnic Ground )
/pages/category/playground/ ( Playground )
/pages/category/public-square/ ( Public Square / Plaza )
/pages/category/state-park/ ( State Park )
/pages/category/public-garden/ ( Public Garden )
/pages/category/botanical-garden/ ( Botanical Garden )
/pages/category/community-garden/ ( Community Garden )
/pages/category/rose-garden/ ( Rose Garden )
/pages/category/sculpture-garden/ ( Sculpture Garden )
/pages/category/recreation-spot/ ( Recreation Spot )
/pages/category/bike-trail/ ( Bike Trail )
/pages/category/dive-spot/ ( Diving Spot )
/pages/category/fishing-spot/ ( Fishing Spot )
/pages/category/hiking-trail/ ( Hiking Trail )
/pages/category/rock-climbing-spot/ ( Rock Climbing Spot )
/pages/category/snorkeling-spot/ ( Snorkeling Spot )
/pages/category/surfing-spot/ ( Surfing Spot )
/pages/category/public-toilet/ ( Public Toilet )
/pages/category/religion/ ( Religious Place of Worship )
/pages/category/assembly-of-god/ ( Assemblies of God )
/pages/category/buddhist-temple/ ( Buddhist Temple )
/pages/category/church/ ( Church )
/pages/category/african-methodist-episcopal-church/ ( African Methodist Episcopal Church )
/pages/category/anglican-church/ ( Anglican Church )
/pages/category/apostolic-church/ ( Apostolic Church )
/pages/category/baptist-church/ ( Baptist Church )
/pages/category/catholic-church/ ( Catholic Church )
/pages/category/charismatic-church/ ( Charismatic Church )
/pages/category/christian-church/ ( Christian Church )
/pages/category/christian-science-church/ ( Christian Science Church )
/pages/category/church-of-christ/ ( Church of Christ )
/pages/category/church-of-god/ ( Church of God )
/pages/category/church-of-jesus-christ-of-latterday-saints/ ( Church of Jesus Christ of Latter-day Saints )
/pages/category/congregational-church/ ( Congregational Church )
/pages/category/eastern-orthodox-church/ ( Eastern Orthodox Church )
/pages/category/episcopal-church/ ( Episcopal Church )
/pages/category/evangelical-church/ ( Evangelical Church )
/pages/category/full-gospel-church/ ( Full Gospel Church )
/pages/category/holiness-church/ ( Holiness Church )
/pages/category/independent-church/ ( Independent Church )
/pages/category/interdenominational-church/ ( Interdenominational Church )
/pages/category/lutheran-church/ ( Lutheran Church )
/pages/category/mennonite-church/ ( Mennonite Church )
/pages/category/methodist-church/ ( Methodist Church )
/pages/category/nazarene-church/ ( Nazarene Church )
/pages/category/nondenominational-church/ ( Nondenominational Church )
/pages/category/pentecostal-church/ ( Pentecostal Church )
/pages/category/presbyterian-church/ ( Presbyterian Church )
/pages/category/seventh-day-adventist-church/ ( Seventh Day Adventist Church )
/pages/category/convent-monastery/ ( Convent &amp; Monastery )
/pages/category/hindu-temple/ ( Hindu Temple )
/pages/category/kingdom-hall/ ( Kingdom Hall )
/pages/category/mission/ ( Mission )
/pages/category/mosque/ ( Mosque )
/pages/category/religious-center/ ( Religious Center )
/pages/category/sikh-temple/ ( Sikh Temple )
/pages/category/synagogue/ ( Synagogue )
/pages/category/residence-other/ ( Residence )
/pages/category/apartment-condo-building/ ( Apartment &amp; Condo Building )
/pages/category/castle/ ( Castle )
/pages/category/dorm/ ( Dorm )
/pages/category/fort/ ( Fort )
/pages/category/home/ ( Home )
/pages/category/palace/ ( Palace )
/pages/category/stately-home/ ( Stately Home )
/pages/category/topic-other/ ( Other )
/pages/category/brand/ ( Brand )
/pages/category/app/ ( App Page )
/pages/category/topic-appliances/ ( Appliances )
/pages/category/baby-kids/ ( Baby Goods/Kids Goods )
/pages/category/bags-luggage/ ( Bags/Luggage )
/pages/category/board-game/ ( Board Game )
/pages/category/company-type/ ( Brand/Company Type )
/pages/category/building-mats/ ( Building Materials )
/pages/category/camera-photo/ ( Camera/Photo )
/pages/category/car/ ( Cars )
/pages/category/clothing/ ( Clothing (Brand) )
/pages/category/commercial-equipment/ ( Commercial Equipment )
/pages/category/computer/ ( Computers (Brand) )
/pages/category/electronics/ ( Electronics )
/pages/category/furniture/ ( Furniture )
/pages/category/game/ ( Games/Toys )
/pages/category/health-beauty/ ( Health/Beauty )
/pages/category/topic-home-decor/ ( Home Decor )
/pages/category/household-supplies/ ( Household Supplies )
/pages/category/jewelry-watches/ ( Jewelry/Watches )
/pages/category/topic-kitchen-supplies/ ( Kitchen/Cooking )
/pages/category/music-instrument/ ( Musical Instrument )
/pages/category/topic-office-supplies/ ( Office Supplies )
/pages/category/patio-garden/ ( Patio/Garden )
/pages/category/pet-supplies/ ( Pet Supplies )
/pages/category/drugs/ ( Pharmaceuticals )
/pages/category/phone-tablet/ ( Phone/Tablet )
/pages/category/product-type/ ( Product Type )
/pages/category/product-service/ ( Product/Service )
/pages/category/software/ ( Software )
/pages/category/tools-equipment/ ( Tools/Equipment )
/pages/category/video-games/ ( Video Game )
/pages/category/vitamin-supplements/ ( Vitamins/Supplements )
/pages/category/website/ ( Website )
/pages/category/arts-site/ ( Arts &amp; Humanities Website )
/pages/category/biz-site/ ( Business &amp; Economy Website )
/pages/category/computer-site/ ( Computers &amp; Internet Website )
/pages/category/ecommerce-website/ ( E-commerce Website )
/pages/category/edu-site/ ( Education Website )
/pages/category/entertainment-site/ ( Entertainment Website )
/pages/category/food-website/ ( Food Website )
/pages/category/health-site/ ( Health &amp; Wellness Website )
/pages/category/home-site/ ( Home &amp; Garden Website )
/pages/category/travel-site/ ( Local &amp; Travel Website )
/pages/category/news-site/ ( News &amp; Media Website )
/pages/category/personal-blog/ ( Personal Blog )
/pages/category/rec-site/ ( Recreation &amp; Sports Website )
/pages/category/ref-site/ ( Reference Website )
/pages/category/regional-site/ ( Regional Website )
/pages/category/science-site/ ( Science Website )
/pages/category/society-site/ ( Society &amp; Culture Website )
/pages/category/kids-site/ ( Teens &amp; Kids Website )
/pages/category/wine-spirits/ ( Wine/Spirits )
/pages/category/cause/ ( Cause )
/pages/category/color/ ( Color )
/pages/category/community/ ( Community )
/pages/category/school-class-course/ ( Course )
/pages/category/cuisine/ ( Cuisine )
/pages/category/disease/ ( Diseases )
/pages/category/editorial-opinion/ ( Editorial/Opinion )
/pages/category/election/ ( Election )
/pages/category/topic-event/ ( Event )
/pages/category/festival/ ( Festival )
/pages/category/school-fundraiser/ ( School Fundraiser )
/pages/category/sports-event/ ( Sports Event )
/pages/category/exchange-program/ ( Exchange Program )
/pages/category/fan-page/ ( Fan Page )
/pages/category/harmonized-page/ ( Harmonized Page )
/pages/category/topic-just-for-fun/ ( Just For Fun )
/pages/category/language/ ( Language )
/pages/category/mood/ ( Mood )
/pages/category/nationality/ ( Nationality )
/pages/category/not-a-biz/ ( Not a Business )
/pages/category/profile/ ( Profile )
/pages/category/satire-parody/ ( Satire/Parody )
/pages/category/sports-season/ ( Sports Season )
/pages/category/surgery/ ( Surgeries )
/pages/category/ticket-sales/ ( Ticket Sales )
/pages/category/topic/ ( Topic )
/pages/category/nces-college-generated/ ( University (NCES) )
/pages/category/university-status/ ( University Status )
/pages/category/work-position/ ( Work Position )
/pages/category/work-project/ ( Work Project )
/pages/category/work-status/ ( Work Status )
/pages/category/person/ ( Public Figure )
/pages/category/actor/ ( Actor )
/pages/category/artist/ ( Artist )
/pages/category/athlete/ ( Athlete )
/pages/category/author/ ( Author )
/pages/category/band/ ( Band )
/pages/category/blogger/ ( Blogger )
/pages/category/chef/ ( Chef )
/pages/category/comedian/ ( Comedian )
/pages/category/dancer/ ( Dancer )
/pages/category/designer/ ( Designer )
/pages/category/fashion-designer/ ( Fashion Designer )
/pages/category/digital-creator/ ( Digital Creator )
/pages/category/ig-editor/ ( Editor )
/pages/category/entrepreneur/ ( Entrepreneur )
/pages/category/fashion-model/ ( Fashion Model )
/pages/category/film-director/ ( Film Director )
/pages/category/fitness-model/ ( Fitness Model )
/pages/category/professional-gamer/ ( Gamer )
/pages/category/journalist/ ( Journalist )
/pages/category/motivational-speaker/ ( Motivational Speaker )
/pages/category/musician/ ( Musician )
/pages/category/bands-musicians/ ( Musician/Band )
/pages/category/news-personality/ ( News Personality )
/pages/category/orchestra/ ( Orchestra )
/pages/category/producer/ ( Producer )
/pages/category/scientist/ ( Scientist )
/pages/category/spiritual-leader/ ( Spiritual Leader )
/pages/category/sports-promoter/ ( Sports Promoter )
/pages/category/talent-agent/ ( Talent Agent )
/pages/category/video-creator/ ( Video Creator )
/pages/category/gaming-video-creator/ ( Gaming Video Creator )
/pages/category/movie-writer/ ( Writer )
https://es-la.facebook.com/pages/category/ ( Español )
https://fr-fr.facebook.com/pages/category/ ( Français (France) )
https://zh-cn.facebook.com/pages/category/ ( 中文(简体) )
https://ar-ar.facebook.com/pages/category/ ( العربية )
https://pt-br.facebook.com/pages/category/ ( Português (Brasil) )
https://ko-kr.facebook.com/pages/category/ ( 한국어 )
https://it-it.facebook.com/pages/category/ ( Italiano )
https://de-de.facebook.com/pages/category/ ( Deutsch )
https://hi-in.facebook.com/pages/category/ ( हिन्दी )
https://ja-jp.facebook.com/pages/category/ ( 日本語 )
# ( )
/r.php ( Sign Up )
/login/ ( Log In )
https://messenger.com/ ( Messenger )
/lite/ ( Facebook Lite )
https://www.facebook.com/watch/ ( Watch )
/directory/people/ ( People )
/directory/pages/ ( Pages )
/pages/category/ ( Page Categories )
/places/ ( Places )
/games/ ( Games )
/directory/places/ ( Locations )
/marketplace/ ( Marketplace )
https://pay.facebook.com/ ( Facebook Pay )
/directory/groups/ ( Groups )
/jobs/ ( Jobs )
https://www.oculus.com/ ( Oculus )
https://portal.facebook.com/ ( Portal )
https://l.facebook.com/l.php?u=https%3A%2F%2Fwww.instagram.com%2F&amp;h=AT1zBBiEppNQVkXAZxB0eoBiAPU6Yu4oY3eTOz6kswEGc5xOHS63q5NexHGNP4hIxTMwbUFiOMmGZuGX5x1x7IM8soLyDO73ZBk9PHUUAemV4jbtRpw1ZDN5cMEqT-uR9pQAyTjcdH6mng ( Instagram )
/local/lists/245019872666104/ ( Local )
/fundraisers/ ( Fundraisers )
/biz/directory/ ( Services )
/votinginformationcenter/?entry_point=c2l0ZQ%3D%3D ( Voting Information Center )
/facebook ( About )
/ad_campaign/landing.php?placement=pflo&amp;campaign_id=402047449186&amp;nav_source=unknown&amp;extra_1=auto ( Create Ad )
/pages/create/?ref_type=site_footer ( Create Page )
https://developers.facebook.com/?ref=pf ( Developers )
/careers/?ref=pf ( Careers )
/privacy/explanation ( Privacy )
/policies/cookies/ ( Cookies )
https://www.facebook.com/help/568137493302217 ( Ad Choices )
/policies?ref=pf ( Terms )
/help/?ref=pf ( Help )
/settings ( Settings )
/allactivity?privacy_source=activity_log_top_menu ( Activity Log )
